value,min_max,z-score
65,0,-1.30738
68,0.15,-0.921593
70,0.25,-0.664404
80,0.75,0.62154
83,0.9,1.00732
85,1,1.26451
